{"title":"Gin-PlayableTest","icon":null,"fields":{"CardLayer":{"myTurn":{"id":null,"title":"Start Turn","type":"boolean","defaultValue":1,"constraints":{},"section":"Game Settings","order":1,"localization":0,"options":{}},"straightGin":{"id":null,"title":"Game Type -> 0 GinKnock \/ 1 StraightGin ","type":"int32","defaultValue":0,"constraints":{},"section":"Game Settings","order":2,"localization":0,"options":{}},"discardedCards":{"id":null,"title":"Last Discarded Card","type":"string","defaultValue":["1"],"constraints":{},"section":"Card \/ Hand Settings","order":1,"localization":0,"options":{}},"handStartCards":{"id":null,"title":"Player Hand Start Card List","type":"string","defaultValue":["1,2,3,4,5,6,7,8,9,10"],"constraints":{},"section":"Card \/ Hand Settings","order":2,"localization":0,"options":{}},"deckCards":{"id":null,"title":"Deck Card List","type":"string","defaultValue":["1,2,3,4,5,6,7,8,9,10,1,2,3,4,5,6,7,8,9,10,,1,2,3,4,5,6,7,8,9,10,1,2"],"constraints":{},"section":"Card \/ Hand Settings","order":3,"localization":0,"options":{}},"opponentThrowCardNo":{"id":null,"title":"Opponent Throw Card List","type":"string","defaultValue":["5,6,7,8,9"],"constraints":{},"section":"Card \/ Hand Settings","order":4,"localization":0,"options":{}},"opponentPlay":{"id":null,"title":"Opponent Move List -> 1 From deck, 0 from thrown","type":"string","defaultValue":["1,1,1,1"],"constraints":{},"section":"Card \/ Hand Settings","order":5,"localization":0,"options":{}},"opponentWinConditionTargetPlayIndex":{"id":null,"title":"Opponent Remaining Turn To Win","type":"int32","defaultValue":2,"constraints":{},"section":"Opponent Settings","order":3,"localization":0,"options":{}},"pickDelay":{"id":null,"title":"Opponent Pick Delay","type":"int32","defaultValue":1,"constraints":{},"section":"Opponent Settings","order":1,"localization":0,"options":{}},"throwDelay":{"id":null,"title":"Opponent Throw Delay","type":"int32","defaultValue":1,"constraints":{},"section":"Opponent Settings","order":2,"localization":0,"options":{}}}},"assets":{},"sections":[],"preloader":{"fields":{"System.String":{"Playable Name":{"id":"parameter\/preloader\/name","title":"Playable Name","type":"string","defaultValue":[null],"constraints":{},"section":"Preloader","order":1,"localization":0,"options":{}}},"UnityEngine.Color":{"Background Color":{"id":"parameter\/preloader\/color","title":"Background Color","type":"color","defaultValue":[0.639999985694885,0.409999996423721,0.990000009536743,1],"constraints":{},"section":"Preloader","order":2,"localization":0,"options":{}}}},"assets":{"":{"id":"asset\/preloader\/icon","title":"","type":"texture","section":"Preloader","order":0}},"sections":[{"title":"Preloader","order":0,"fixed":1}]},"buildId":"d8bbe71d-1c63-410a-8cac-c6256dc06ef5"}